Key	Chinese(Traditional)	English
op_narr_intro_01	青牛鎮地處偏僻，鎮上人家世代務農。韓立便是其中一戶貧農家的孩子。	
op_narr_intro_02	他不算機靈，卻有一樣旁人少有的本事——凡事都要先想三分退路。	
op_hanmu_call	立兒——立兒？快進屋來，你三叔回來啦！	
op_hanmu_01	立兒，家裡的光景你也曉得，多一張嘴就多一分難。	
op_hanmu_02	你三叔在前頭等你，去聽他說——能有口安穩飯吃，是天大的福分。	
op_hanmu_repeat	快去尋你三叔吧，莫讓他久等了。	
op_bundle_examine	牆角擱著一個舊布囊，是娘替你連夜收拾的。	
op_bundle_get	你收拾了行囊。	
op_bundle_empty	布囊已經收拾妥當，沒什麼好添的了。	
op_sanshu_recruit	立兒，你也老大不小了。七玄門在招外門弟子——通過資質測試便能入門，每月還有米糧月例，貼補家用。	
op_sanshu_test	測試不難，看的是根骨資質。能不能入門，是命；可入了門，往後怎麼活下去，是本事。	
op_sanshu_advice	叔在門裡當了多年雜役，看得多了。記住一句話——機會難得，但凡事，留個心眼總沒錯。	
op_sanshu_depart	收拾停當便動身。出鎮走村外那條田埂小徑，叔在關口等你。	
op_sanshu_repeat	還有什麼放不下的？早些動身，路上不等人。	
op_villager_well_01	這口井，養活了大半個鎮子的人哩。	
op_villager_well_02	後生仔，你也要去七玄門？……唉，能出去也好。總比在這土裡刨食強。	
op_peddler_greet	客官看點啥？乾糧、草鞋、針線，都是趕路用得著的。手頭緊就先看著——銅板可得省著花。	
op_peddler_poor	銅板不夠哩，客官。莫急，七玄門有月例，往後就寬裕了。	
op_peddler_thanks	得嘞，慢走！	
op_choice_shortcut_prompt	前方有條近路，只是隱約聽見惡犬低吼，地面也泥濘難行。	
op_choice_shortcut_opt_safe	繞遠路（穩妥）	
op_choice_shortcut_opt_rush	抄近路（省時）	
op_choice_shortcut_safe	你多走了些路，卻在草叢裡撿著幾枚別人遺落的銅板。謹慎，往往有它的回報。	
op_choice_shortcut_rush	惡犬撲來，你連滾帶爬才脫身，乾糧掉了一塊，褲腳也濕透了。逞快，未必划算。	
op_encounter_intro	拐過田埂，一條野狗呲牙攔在路上，喉間低低作響。	
op_encounter_hint	打不過，就走。逃跑，永遠是一條路。	
op_encounter_flee	你不與牠糾纏，側身退開。野狗朝你背影吠了兩聲，到底沒追上來。能走，就不必硬拼。	
op_encounter_win	你揀起一根樹枝胡亂揮打，野狗討了個沒趣，夾著尾巴跑了。	
op_sanshu_gate	都收拾妥當了？那走罷。跟著叔，少說話，多看，多留心。	
op_narr_leave	韓立回頭望了一眼青牛鎮。他還不知道，這一步，將把他帶往一個怎樣的世界。	
op_narr_chapter_end	——序章 完——	
op_sanshu_wait	先去跟你娘說說話罷，她有話囑咐你。	
op_gate_m03_todo	〔田埂小徑尚未開放——待後續繪製開通。〕	
op_gate_need_bundle	〔行囊還沒拿呢。牆角那個包袱是娘連夜替你收拾的，可別空著手就走。〕	
op_coins_hidden_get	樹洞裡藏著幾枚小時候悄悄塞進去的銅錢——當時想著，總有用得上的一天。	
op_coins_hidden_empty	樹洞已經掏空了，就那麼點私房錢。	
op_sandal_worn_get	草叢邊擱著一雙不知誰穿舊了扔下的草鞋，破雖破了些，勉強還能穿。窮家的孩子不嫌棄——湊合著用吧。	
op_sandal_worn_empty	那雙破草鞋，已經被你撿走了。	
op_gate_need_sanshu	〔三叔正在關口候著，要領你一同啟程。去尋他罷。〕	
op_act1_todo	〔第一幕・七玄門 尚在建置中——序章到此告一段落。〕	
op_road_intro	〔前方岔開兩條路：一條近道能省腳程，一條遠路要多繞些工夫。此去吉凶難料，走哪條，你且謹慎斟酌。〕	
op_road_far_coin	你揀了遠路，多繞了好些工夫。行至一處草坡，竟在草窠裡踢著幾枚旁人遺落的銅板——繞遠路，有時反有意外之喜。	
op_encounter_win_coin	野狗吃痛竄逃，倒在草裡抖落幾枚沾土的銅板。你彎腰揀了起來。	
op_shortcut_cost	抄近路果然得付代價——方才閃避慌亂間，一份乾糧甩落在泥水裡，再撿不回來了。	
op_sanshu_gate_grind	喲，可算來啦。叔在這關口候著，都快把腳邊的石子數清嘍——嘿，瞧你腳上那雙新草鞋，倒沒虧待自己。也好、也好，出門在外，腳下利索是福氣。走罷，跟著叔。	
a1_narr_arrive_01	行了數日山路，韓立跟著三叔，第一次見到傳說中的七玄門。	
a1_narr_arrive_02	青石臺階直上雲霧，山門牌樓比青牛鎮最氣派的祠堂還高出數倍。他不由得屏住了呼吸。	
a1_sanshu_arrive	「到了。這便是七玄門。記著叔的話——少說話，多看，多留心。到了裡頭，你就是個外人，凡事忍著點。入門考核的事，去尋那邊那位執事罷。」	
a1_elder_test_intro	「新來的？站到那塊靈石前，手貼上去，運氣試試。莫緊張，測的是根骨，急也急不來。」	
a1_narr_test_proc	韓立依言按上冰涼的石面。石心深處，一縷微光緩緩亮起——不算耀眼，卻穩穩地不曾熄滅。	
a1_elder_test_pass	「唔……靈根雖淺，倒還算純。是個能熬的。收了。」	
a1_elder_test_result	〔資質判定：可入外門〕	
a1_narr_enroll	就這樣，韓立成了七玄門的外門弟子。沒有想像中的仙風道骨，只有一身雜役的粗布衣，和一句「往後好自為之」。往弟子院去罷。	
a1_todo_dorm	〔外門弟子院尚在建置中——第一幕序幕到此告一段落。〕	
a1_gate_no_return	山門已在身後。既已踏進七玄門這道門，便沒有再回頭的道理了。往前走罷。	
a1_narr_go_test	資質還沒測，怎好在門中四處亂走？——且先尋那位長老，測過根骨資質要緊。	
a1_todo_beyond	〔七玄門其餘區域尚在建置中——第一幕序幕到此告一段落。〕	
a1_kaohe_intro	「入門考核，考的是筋骨耐力。空腹出發，穿過那片竹林、越過亂石灘，正午前攀上『煉骨崖』的，才算過關。去罷，莫誤了時辰。」	
a1_narr_kaohe_proc	韓立咬牙上路。竹林、亂石、峭壁……他手腳並用，一寸寸往上挪。日頭卻爬得比他更快——待他攀上煉骨崖，正午的鐘聲，早已響過了。	
a1_kaohe_fail	「正午已過，超時了。……也罷，瞧你二人筋骨還算能熬，且先留在門中打雜，半年後再考一回罷。」	
a1_narr_kaohe_wait	就這樣，韓立與同來的少年張鐵，都沒能擠進那七個入選的名額，只掛了個「待補」的名分，在門中做些粗使雜活，等半年後的補試。	
a1_narr_moda_appear	半年匆匆。補試將近，韓立與張鐵只當這回要被遣返回鄉了。這日一個駝背老者拄杖踱來，一路咳個不停——是神手谷的墨大夫。	
a1_moda_recruit	老者渾濁的眼在韓立身上停了許久，忽然咧嘴一笑：「唔……這孩子，眼神沉，手腳穩，是個能熬的。好、好——你，跟老夫回神手谷做藥童罷。」他瞥了眼張鐵，「你這憨厚兄弟，也一併帶上，老夫教你一門《象甲功》，力氣使得上。」	
a1_narr_moda_recruit_done	韓立怔怔應下。他做夢也沒想到，這一場落選，竟成了他修仙路真正的起點。〔往神手谷·藥童居所去罷。〕	
a1_sanshu_dorm_01	「入了門，可別以為就成仙了。你如今是墨大夫的藥童，說到底還是打雜的命——掃地、挑水、看藥爐，樣樣都得做。」	
a1_sanshu_dorm_02	「每月有月例，米糧和幾個銅板，餓不著。別嫌少——這已是多少人擠破頭求不來的。到廣場那管事處去領。」	
a1_sanshu_dorm_03	「還有一句——門裡的人，心思深著呢。你藏拙些，別冒尖，別惹眼。能苟住，才活得長。」	
a1_sanshu_farewell_gate	「叔還得回外門弟子院那頭當差，就送你到這兒了。往後神手谷裡，凡事自己多留心。……去罷，好自為之。」	
a1_steward_stipend	「新來的藥童領月例的？喏，這月的——米糧一份，銅板幾枚。簽個押，下月這時候再來。」	
a1_steward_get	韓立捧著這份微薄的月例，心裡卻踏實了些——至少，餓不著了。	
a1_steward_repeat	「這月的已領過了，下月再來。門規如此，莫要為難我。」	
a1_steward_shop	「要置辦點什麼？藥碾、藥引、幾樣配藥的雜料，還有防身的粗使刀棍，這兒都有——拿銅板來換。」	
a1_steward_errand	「順道說一聲——門裡要往山下捎信、跑腿的差事，也歸我這兒派。得空接兩趟，混幾個銅板花用。」	
a1_zhangtie_greet	「立弟！沒想到墨大夫竟把咱倆都挑上了，往後一塊兒在他手下當藥童——這下總算有個伴了！我張鐵沒別的本事，就一身力氣、一副熱心腸，多照應！」	
a1_zhangtie_worry	「不過……說來也怪。咱倆待補這半年，我在門裡東竄西轉，瞧見前頭幾個藥童，一個個都說『得了機緣』調走了，卻誰也沒再見著。嗨，興許是我多心。」	
a1_zhangtie_repeat	「當差去啦。立弟你也當心些，墨大夫看著和氣，規矩可不少。」	
a1_mo_teach_changchun_01	「修仙一途，第一步是『引氣入體』。沒有功法，凡人再苦練也是白搭。這部《長春功》，你拿去參悟。」	
a1_mo_teach_changchun_02	「功法不比凡俗武藝——得靠悟性一層層『參悟』，急不得，也偷不得懶。參透了，才是你自己的本事。」	
a1_narr_learn_skill	在「功法習得」中參悟《長春功》——這是你踏上修仙路的第一門功法。	
a1_mo_teach_repeat	「功法可還參得順手？勤勉些，莫荒廢了。」	
a1_narr_bottle_found_01	一日在藥圃翻土整畦，鋤頭磕著個硬物。韓立扒開濕泥，撿出一隻半埋土中、不知被誰棄置了多少年的舊綠瓶。	
a1_narr_bottle_found_02	瓶身黯淡、毫不起眼，偏偏那瓶蓋像與瓶身長作了一體——韓立使盡了勁，竟怎麼也旋不開、撬不動。他嘖了一聲，只當是個打不開的廢瓶，隨手收進了懷裡。	
a1_narr_bottle_secret	——他此刻還不知道，這隻從土裡刨出來的破瓶，日後將成為他安身立命、甚至扭轉生死的最大依仗。	
a1_narr_planting_01	墨大夫劃了幾畦藥田給你打理。試著在地塊上播種，往後便能收成藥草。	
a1_narr_planting_grow	靈草有它自己的性子——播下後要熬上些時日，方能長成收採。心急，是種不出好藥的。	
a1_narr_bottle_moon	那打不開的破瓶，韓立倒也沒扔，隨手擱在鋪位的窗台上承著月色。夜復一夜歇息過去，直到這一夜——瓶身黯淡的花紋驟然泛起綠光，那死活擰不開的瓶蓋，竟應手而開。瓶底靜靜躺著一滴黃豆大小的碧綠液體，清冽沁涼，那股靈氣濃得駭人，一望便知絕非凡物。韓立屏住呼吸，小心翼翼舀出了這一滴。	
a1_narr_bottle_accel	這一滴靈氣霸道得嚇人，韓立竟不敢直接澆下——他取來滿滿一桶清水，只兌進這一滴、稀釋了千百倍，才小心澆在畦邊一株剛冒芽的靈草上。翌日再看，他倒抽一口涼氣：那株靈草抽長舒葉、根莖轉粗，憑空像是多長了數十年的藥齡——而這，還只是千百倍稀釋過的一滴。他反覆試了幾回，才摸清這瓶的性子：它盛不得水、養不得草，唯獨承過月光後，瓶內才自凝出那麼一滴碧綠靈液；這一滴若不稀釋，藥力足抵五百年以上的藥齡，直是點草成寶的仙家異珍。	
a1_narr_bottle_hide	他飛快掩上瓶口，四下張望，確認無人瞧見。這等異寶，斷不能讓第二個人知曉。這個秘密，他要爛在肚子裡。	
a1_mo_teach_alchemy_01	「靈草採了、種了，還得會製。藥草配伍、火候得宜，配成療傷續氣的藥丸——這是藥童的本分，也是你安身立命的手藝。學紮實了，跟著老夫，一輩子有口安穩飯吃，餓不著你。」	
a1_narr_learn_craft	在藥爐前，以採得／種得的藥草為材，配伍製出一爐凡間丹藥。	
a1_mo_teach_alchemy_talent	韓立上手極快，配伍、火候一點就通。墨大夫瞇眼看著，「唔……才學便掌握了分寸，你這雙手，天生是吃製藥這碗飯的。」	
a1_mo_teach_alchemy_repeat	「多製幾爐，手是熬出來的。廢些藥材不打緊，手藝要緊。」	
a1_narr_cultivate_01	夜深人靜，韓立在鋪位旁的蒲團上盤膝坐下，運轉長春功。日復一日，經脈間那縷微弱的暖流漸漸壯大。	
a1_narr_cultivate_wall	可修到某處，卻似撞上一堵無形的牆——氣息壅塞，再難寸進。這，便是凡人與修士之間的那道坎：引氣入體。	
a1_narr_cultivate_hint	光靠死修是過不去的。或許，該去請教墨大夫，看還缺些什麼。	
a1_mo_breakthrough_guide	「到這一步了？也算你有恆心。引氣入體這一關，光熬不成，須得靜心、擇時，再借一分藥力催引。備齊了，尋個夜深人靜，就在你自個兒鋪前的蒲團上坐罷——心靜處便是靜室，不必他求。」	
a1_narr_breakthrough_01	韓立盤坐蒲團，依墨大夫所授，服下引氣之藥，凝神導引那縷暖流，一次次撞向那堵無形之牆。	
a1_narr_breakthrough_02	不知過了多久——「轟」的一聲彷彿只在識海中炸響，那堵牆，破了。天地間一縷縷精純之氣，順著經脈湧入丹田。	
a1_narr_breakthrough_done	〔境界突破！凡人 → 練氣一層〕他睜開眼，只覺周身輕盈、耳目清明。從這一刻起，他，是一個真正的修仙者了。	
a1_mo_breakthrough_praise	「好、好！比我料想的還快些。」墨大夫眼底掠過一絲不易察覺的光，「是塊好料子……好生修煉，往後有的是造化。」	
a1_mo_appraise_01	「入了練氣，總算是個修士了。來，把手伸來——讓師父探探你的根底。」墨大夫枯瘦的手指搭上韓立腕脈，渾濁的眼半閉著。	
a1_narr_conceal_01	韓立心頭沒來由地一緊。娘的話、三叔的話，在那一瞬同時響起——藏拙些，別冒尖，別惹眼。他不動聲色地收斂氣息，把丹田裡那縷比師父所想壯實些的靈力，一分分壓回最不起眼的深處。	
a1_mo_appraise_02	「唔……練氣一層，根基還算乾淨。」墨大夫鬆了手，笑得慈和，「不急不躁，好。你這塊璞玉，好生養著，往後自有造化。」	
a1_narr_conceal_02	「養著」。韓立垂眼應是，心裡卻把這兩個字翻來覆去地嚼了幾遍。〔藏拙：墨大夫眼中的你，此刻是練氣一層。〕	
a1_mo_appraise_gift	「拿著罷，賞你的。」他隨手推來幾味藥材，「多製幾爐藥練練手。藥童的本分，別落下。」	
a1_narr_conceal_hint	此後師父還會時時探他的脈。韓立盤算得很清楚：不能一層不進——藥童吃著師父給的藥，久久不動，那才叫可疑；可也不能全露——他真正的進境快得駭人，那是小綠瓶的功勞，一旦露了，瓶子就保不住了。	
a1_narr_conceal_rule	於是他替自己定下一條線：在師父面前，最多長到練氣四層。四層，是一個熬得辛苦、卻不惹眼的數字。四層以上的，全爛在肚子裡。〔藏的不只是實力，更是小綠瓶。〕	
a1_mo_appraise_repeat	「修煉不可急進。你底子薄，慢慢熬——熬得住的，才有後福。」	
a1_narr_backhill_01	後山藥叢豐茂，也藏著噬藥的野獸。藥徑在林間岔了又岔，走錯一步便是死路——採藥，是藥童的差事，也是修士的日常。	
a1_narr_maze_hint	岔路多，獸也多。看得見的獸，多半繞得開；繞不開的，才值得打。記著來路，莫貪深處。	
a1_narr_backhill_hint	你已是練氣修士，不必事事逃避。能戰則戰，該走則走——審時度勢，方是長久之道。	
a1_encounter_beast_intro	一頭盤踞藥叢的山獸猛地竄出，低吼示威，擋住了去路。	
a1_encounter_beast_win	韓立運起長春功，幾番周旋，將那野獸擊退。他俯身採下藥叢中的靈草——這一趟，沒白來。	
a1_encounter_beast_flee	估量不敵，韓立不逞強，退步抽身。留得青山在，藥，改日再採。	
a1_narr_zhangtie_chosen_01	這日張鐵興沖沖尋來，說墨大夫誇他根骨結實，要賜他一場天大的「機緣」，過兩日便帶他「調去別處」。	
a1_zhangtie_chosen	「立弟！墨大夫說我有造化，肯提攜我哩！你說我張鐵，是不是也要熬出頭了？往後咱倆……」	
a1_narr_zhangtie_chosen_02	韓立卻如墜冰窖。「得機緣調走」——與那些再沒回來的藥童師兄，一字不差。他想攔，張鐵卻只當他眼紅，笑著擺擺手，轉身應墨大夫的召喚去了。娘的話又在耳邊響起：越是反常，越要留心。——那一夜之後，張鐵，也沒再回來。	
a1_clue_prompt	可調查墨大夫臥房的異狀。留心的人，總能看出些端倪。	
a1_clue_01	書案上的丹方殘頁——上頭記的，竟不是尋常療傷丹，而是些聞所未聞、需以「活人本命」為引的邪異方子。	
a1_clue_wall_hint	屏風後的牆看著與別處無異。……可韓立在這屋裡進出了大半年，總覺得有哪裡不對。	
a1_clue_secret_door	他終於看出來了——那面牆的磚縫裡，只有這一塊是新灰。韓立屏住呼吸，指尖沿著縫隙摸索，觸到一處淺淺的凹陷；輕輕一按，牆面竟無聲地向內錯開，露出一道窄得只容一人側身的向下石階。裡頭湧出的氣息，又腥又冷。	
a1_secret_room_enter	石階盡處是一間不見天日的暗室。這裡的藥味變了質——腥氣裹著腐味，底下還壓著一種說不出的、屬於死物的冰冷。	
a1_clue_02	石台上攤著一本名冊——歷年藥童的名字，一個個被硃筆圈去，註著「已用」二字。張鐵的名字上，硃砂猶新；而名冊末尾，「韓立」二字赫然在列，尚未圈去。	
a1_clue_03	暗室最深處，一具冰冷的軀殼直挺挺立著——竟是張鐵！他雙目失神、氣息全無，皮肉間被墨大夫以邪術煉入絲絲屍氣，正一步步煉成一具任人驅使的傀儡。韓立胃裡一陣翻攪，死死咬住了牙關。	
a1_clue_04	牆邊一排齊人高的陶缸，封泥上都貼著硃砂符紙。韓立掀開最近的一口——濃褐色的藥液裡，浮著一截泡得發白的斷肢。他猛地蓋回去，扶著牆乾嘔了許久。	
a1_clue_insufficient	線索還不夠。再仔細查查，莫要打草驚蛇。	
a1_secret_room_leave	他依原樣掩上暗門，抹去足印，把那張慣常的、木訥的臉重新戴回去。	
a1_narr_reveal_01	一切串了起來：所謂「得機緣調走」的藥童，一個都沒真正離開過。墨大夫豢養他們，養熟了便宰——或煉成傀儡供他驅使，或充作那些邪異丹方的藥引。一畦畦地種，一茬茬地收。	
a1_narr_reveal_02	而這一切的盡頭，是他真正的圖謀——奪舍重生：他這具老朽皮囊撐不了幾年了，覬覦的，是一具根骨純淨、年輕康健的軀殼。全門上下最合他意的那一具，正是韓立自己。他還沒動手——但已在磨刀。	
a1_narr_reveal_03	韓立握緊了拳，指節發白，面上卻不動聲色。硬拚？他這點修為，在對方眼裡不過螻蟻。〔他不能急。他要苟住，要算計，要讓對方在毫無防備時，一擊斃命。〕	
a1_narr_reveal_decide	弱者要殺強者，靠的從來不是力氣，是準備。他垂下眼，一如往常地應了聲「是，師父」，轉身走向藥圃。	
a1_narr_scheme_01	攤牌前得備妥後手。小綠瓶的綠液就這麼些，毒草與靈藥，此消彼長——毒草多，殺得了他卻未必扛得住反撲；靈藥多，自身穩了毒卻不足。怎麼分，全看你。備得越周全，勝算越大。	
a1_scheme_poison_herb	他選的那味毒草，本需培育數十年、年份越老毒性越烈，尋常人窮盡一生也未必等得到藥成——但他有小綠瓶。趁夜以月光養瓶、取綠液日夜澆灌，一株旁人求之不得的高年份劇毒靈草，數日便成。他不只催一株——要打這場消耗戰，毒丹得成批地備。〔小瓶是命脈。〕	
a1_scheme_spirit_herb	可綠液全拿去養毒草，自己怎麼辦？他勻出一份澆靈藥：一半煉成補氣益元的丹藥，逼自己多熬上幾層練氣；一半煉作療傷凡藥，留著苦戰保命。〔靈藥既推修為，也是續命的本錢——與毒草搶的，是同一瓶綠液。〕	
a1_scheme_poison_pill	這一步靠的是他的老本行。韓立本就在製藥上天分過人——毒草入爐，煉成無色無味的毒丹，悄悄掺進墨大夫日日服用的丹藥裡。〔這不是什麼高深煉丹，只是凡間製藥的手段，卻足以要一個毫無防備者的命。〕	
a1_scheme_backup	毒丹、療傷丹、備用毒粉、脫身之路……他一樣樣煉、一樣樣備，每一種都煉到過剩。娘的話他記了一輩子：寧可備而不用，不可用而無備。〔資源即生命；謹慎，是一種美德。〕	
a1_scheme_ready	萬事俱備。韓立最後檢視一遍佈置，深吸一口氣。他知道，這一步踏出去，便再無回頭路。	
a1_narr_showdown_not_yet	……不行，火候還差著。這一步踏出去就沒有回頭路——再熬幾層，再備得足些。	
a1_mo_showdown_01	「時候差不多了。」墨大夫的笑，第一次卸下了和煦，「孩子，別怪師父——你這具身子，比你這個人，有用得多。」	
a1_narr_showdown_ready	墨大夫話音未落，忽覺丹田一滯、四肢發麻——那日日服下的丹藥裡，早被掺了毒！「好個藥童！」他厲聲暴喝，靈壓如山傾下，中了毒的老怪反撲更狂——這卻正是韓立算準的死局。	
a1_narr_showdown_battle	毒發卻未即死，反逼出墨大夫全部凶性。硬拚是找死——韓立依舊把修為壓在最不起眼的深處，只以最粗淺的身手狼狽周旋，一面服藥護住氣血，一面尋隙補毒：一劑不夠便兩劑，直到那通天修為被毒一分分蝕垮。〔他吃得住，也耗得起——這，就是準備的意義。〕	
a1_narr_showdown_unready_poison	毒丹終究備得太少——那老怪的修為比想像中更深厚，藥力耗盡了，他卻還站著。韓立眼前一黑。〔提示：毒丹不夠，耗不垮他。回去多分些綠液給毒草。〕	
a1_mo_lastditch_01	毒終於蝕透了。墨大夫單膝砸地，七竅滲出烏血，那身泰山般的靈壓塌了下去——他要死了。	
a1_mo_lastditch_02	「……老夫……老夫栽在一個藥童手裡……」他忽然笑了，笑得猙獰，「可你也別想活。練氣四層的螻蟻——老夫燃了這身精血，也夠捏死你一百次！」	
a1_narr_lastditch	老者周身血氣沖天而起，皮肉以肉眼可見的速度枯萎——他在燃燒本命精血。毒，在這一刻失去了意義：那具身子已在自我焚燒，再毒不進去分毫。他撲了上來，一擊足以把凡人碾成血泥。	
a1_narr_reveal_realm_01	韓立沒有退。他緩緩站直了身子，第一次，不再壓著那口氣。	
a1_narr_reveal_realm_02	長春功全力運轉。氣息節節攀升，如同悶在土裡多年的根，終於破土——四層。本該到此為止的。可那股氣息沒有停：五層……六層。	
a1_mo_shock	「六……六層……？」墨大夫那雙渾濁的眼瞪到了極致，燃血的紅光裡全是不可置信，「不可能……老夫上個月才探過你的脈，明明是四層……你哪來的藥？你哪來的時間——」	
a1_narr_reveal_realm_03	沒有法術，沒有花招。韓立以長春功護住周身，硬生生受下那燃血一擊——骨頭在響，血從嘴角淌下來，他站住了。〔這一下若是三個月前的他，早成了肉泥。是那些一夜夜熬出來的層數接住了他。〕	
a1_narr_reveal_realm_04	精血燒盡，老者踉蹌著跪倒，枯瘦得只剩一把骨頭。韓立擦去嘴角的血，走上前——沒有咒訣，沒有靈光，只是一記再樸實不過的出手。	
a1_narr_showdown_unready_realm	那一擊來得比想像中更重。長春功的護體像紙一樣被撕開——韓立終究沒能接住。〔提示：你扛不住那一擊，層數還不夠。回去多分些綠液給靈藥，把修為再往上推。〕	
a1_mo_death	「……藏了多久……」墨大夫伏在地上，聲音細得像風，「四層……你就讓老夫看四層……看了整整一年……」他忽然笑出聲，笑得渾身抽搐，「老夫看走了眼。輸的不是修為……是這雙眼睛……好深的城府啊，孩子……你這樣的人……才活得下去……」	
a1_mo_death_aware	「老夫早看出你有異心……」墨大夫喘著，眼裡只剩恨，「……只是沒料到，你下手這般快。」	
a1_narr_first_kill	韓立立在原地，久久沒動。這是他第一次殺人。手在抖，心卻異樣地清明——他知道，在這個世界，若他方才心軟半分，倒下的，就是他自己。	
a1_narr_first_kill_02	他低頭看了看自己的手。毒能放倒一個修士，可要活著從他手裡走出來，靠的還是一夜一夜熬上去的那六層。〔這一課，他記了一輩子。〕	
a1_narr_inherit_01	韓立搜檢墨大夫的遺物——這是他在這條路上學到的第一課：強者的死，是弱者的資糧。	
a1_narr_inherit_02	韓立飛快翻檢，將丹方盡數收起。匣底還躺著幾枚溫潤生涼、不知是何材質的小石——他掂了掂，看不出名堂，也一併收進懷裡。〔他還不知道這是什麼。出了這道山門，自然會有人告訴他。〕	
a1_narr_inherit_fireball	殘卷中有一門《火球術》——御火傷敵的攻伐之法。長春功只能護身養氣，這，才是他第一門真正能傷人的本事。韓立就著殘卷，默默參悟起來。	
a1_narr_inherit_03	他將墨大夫的屍身與罪證一併處置乾淨，面上依舊是那個沉默寡言的藥童。無人知曉那間臥房裡發生過什麼。苟，是一種美德。	
a1_narr_leave_01	墨大夫一死，藥堂遲早生變，七玄門已非久留之地。何況——他要的，這裡再也給不了。	
a1_narr_leave_02	更要緊的是——翻遍墨大夫的遺物他才驚覺，那老兒授他的《長春功》，竟只是上半卷。練氣圓滿之後如何往下走、如何築基，殘篇語焉不詳，只反覆提著一個地名：黃楓谷·百藥園——遍植天下靈藥之所，《長春功》下半卷與更高境界的門徑，都在那裡。對一個懷揣「催生靈草」秘密的人而言，那裡，才是真正的舞台。	
a1_narr_zhangtie_rest	墨大夫一死，那具由張鐵煉成的傀儡也化回了冰冷的軀殼。韓立臨行前，將張鐵的遺骸自那陰冷內室移出，尋了處向陽的山坡，悄悄葬了。他沒掉淚，只在心裡記下——這世道，容不得半分天真。	
a1_sanshu_farewell	臨行前，他遠遠望了一眼三叔當差的方向，終究沒去告別。有些路，只能一個人走。〔他在心裡對三叔道了聲別。〕	
a1_narr_chapter_end	韓立背起行囊，悄然下山。青牛鎮的少年已經死了，活下來的，是一個懂得隱忍與算計的修仙者。——第一幕 完——	
a1_rest_prompt	夜深了，要在鋪上歇一晚麼？	
a1_rest_done	一夜好眠。韓立醒轉，只覺氣血通泰、精神復元。	
a1_rest_bottle	窗台上那隻舊瓶又靜靜承了一夜月色——瓶裡的碧綠靈液，彷彿又多凝了一分。	
a1_rest_bottle_locked	臨睡前，他習慣性瞄了眼窗台那隻打不開的破瓶——月色正落在斑駁的瓶身上。他也說不清為何，總覺得該讓它多曬曬月亮。	
